Title,Link,Company Name,Experience Required,Salary,Location
Python Web Scraping,https://www.naukri.com/job-listings-python-web-scraping-innefu-labs-new-delhi-2-to-3-years-170323501738,Innefu Labs,2-3 Yrs,Not disclosed,New Delhi
Python Web Applications Developer,https://www.naukri.com/job-listings-python-web-applications-developer-gigmo-solutions-noida-faridabad-gurgaon-gurugram-delhi-ncr-3-to-8-years-140423003898,Gigmo Solutions,3-8 Yrs,Not disclosed,"Delhi / NCR, Noida, Faridabad, Gurgaon/Gurugram"
Python Fullstack Developer,https://www.naukri.com/job-listings-python-fullstack-developer-wipro-gurgaon-gurugram-bangalore-bengaluru-2-to-5-years-050423010804,Wipro,2-5 Yrs,10-15 Lacs PA,"Hybrid - Gurgaon/Gurugram, Bangalore/Bengaluru"
Python Software Developer,https://www.naukri.com/job-listings-python-software-developer-hcltech-noida-hyderabad-secunderabad-pune-chennai-bangalore-bengaluru-4-to-7-years-090922003629,HCLTech,4-7 Yrs,Not disclosed,"Noida, Hyderabad/Secunderabad, Pune, Chennai, Bangalore/Bengaluru"
Senior Python Developer,https://www.naukri.com/job-listings-senior-python-developer-hcltech-noida-hyderabad-secunderabad-pune-chennai-bangalore-bengaluru-5-to-9-years-070123006106,HCLTech,5-9 Yrs,6-16 Lacs PA,"Hybrid - Noida, Hyderabad/Secunderabad, Pune, Chennai, Bangalore/Bengaluru"
Backend Python Developer For Acuity Knowledge Partners,https://www.naukri.com/job-listings-backend-python-developer-for-acuity-knowledge-partners-acuity-knowledge-partners-pune-gurgaon-gurugram-bangalore-bengaluru-5-to-7-years-190323000009,Acuity Knowledge Partners,5-7 Yrs,Not disclosed,"Hybrid - Pune, Gurgaon/Gurugram, Bangalore/Bengaluru"
Senior  Python Developer,https://www.naukri.com/job-listings-senior-python-developer-tech-mahindra-kolkata-hyderabad-secunderabad-pune-chennai-bangalore-bengaluru-delhi-ncr-mumbai-all-areas-5-to-10-years-170323007337,Tech Mahindra,5-10 Yrs,Not disclosed,"Delhi / NCR, Kolkata, Hyderabad/Secunderabad, Pune, Chennai, Bangalore/Bengaluru, Mumbai (All Areas)"
Python developer||Immediate joiner||5 - 10 years||,https://www.naukri.com/job-listings-python-developer-immediate-joiner-5-10-years-hcltech-hyderabad-secunderabad-gurgaon-gurugram-chennai-bangalore-bengaluru-5-to-9-years-060423006037,HCLTech,5-9 Yrs,Not disclosed,"Hyderabad/Secunderabad, Gurgaon/Gurugram, Chennai, Bangalore/Bengaluru"
Python developer,https://www.naukri.com/job-listings-python-developer-tata-consultancy-services-tcs-kochi-cochin-bhubaneswar-gurgaon-gurugram-5-to-10-years-030523008617,Tata Consultancy Services (TCS),5-10 Yrs,Not disclosed,"Kochi/Cochin, Bhubaneswar, Gurgaon/Gurugram"
Hiring Python Pyspark Developer!!!,https://www.naukri.com/job-listings-hiring-python-pyspark-developer-virtusa-mumbai-hyderabad-secunderabad-pune-gurgaon-gurugram-chennai-bangalore-bengaluru-5-to-6-years-130423009143,Virtusa,5-6 Yrs,"50,000-3 Lacs PA (Including Variable: 10.0%)","Mumbai, Hyderabad/Secunderabad, Pune, Gurgaon/Gurugram, Chennai, Bangalore/Bengaluru"
Python Developer,https://www.naukri.com/job-listings-python-developer-persistent-systems-limited-kolkata-mumbai-new-delhi-hyderabad-secunderabad-pune-chennai-bangalore-bengaluru-3-to-7-years-100323501378,Persistent,3-7 Yrs,Not disclosed,"Kolkata, Mumbai, New Delhi, Hyderabad/Secunderabad, Pune, Chennai, Bangalore/Bengaluru"
Hiring For Python Developer,https://www.naukri.com/job-listings-hiring-for-python-developer-litost-india-infotech-pvt-ltd-noida-greater-noida-1-to-5-years-280423501689,Litost India Infotech,1-5 Yrs,Not disclosed,"Noida, Greater Noida"
Aws Developer /  Python Developer,https://www.naukri.com/job-listings-aws-developer-python-developer-tech-mahindra-gurgaon-gurugram-delhi-ncr-5-to-10-years-180423004593,Tech Mahindra,5-10 Yrs,10-20 Lacs PA,"Hybrid - Delhi / NCR, Gurgaon/Gurugram"
Python/Data Science Developer,https://www.naukri.com/job-listings-python-data-science-developer-trh-consultancy-services-mumbai-hyderabad-secunderabad-pune-chennai-delhi-ncr-bangalore-bengaluru-5-to-10-years-310123915476,TRH Consultancy Services,5-10 Yrs,Not disclosed,"Delhi / NCR, Mumbai, Hyderabad/Secunderabad, Pune, Chennai, Bangalore/Bengaluru"
Power BI/SAP HANA Developer - Python/Data Modeling,https://www.naukri.com/job-listings-power-bi-sap-hana-developer-python-data-modeling-career-infosystem-kolkata-mumbai-hyderabad-secunderabad-pune-chennai-ahmedabad-delhi-ncr-bangalore-bengaluru-4-to-8-years-230223908418,Career Infosystem,4-8 Yrs,Not disclosed,"Delhi / NCR, Kolkata, Mumbai, Hyderabad/Secunderabad, Pune, Chennai, Ahmedabad, Bangalore/Bengaluru"
Python Script Developer - Automatic / Data,https://www.naukri.com/job-listings-python-script-developer-automatic-data-l-a-consultancy-noida-hyderabad-secunderabad-pune-chennai-bangalore-bengaluru-5-to-8-years-230123906887,L A Consultancy,5-8 Yrs,Not disclosed,"Noida, Hyderabad/Secunderabad, Pune, Chennai, Bangalore/Bengaluru"
Power BI/SAP HANA Developer - Python/Data Modeling,https://www.naukri.com/job-listings-power-bi-sap-hana-developer-python-data-modeling-career-infosystem-kolkata-mumbai-hyderabad-secunderabad-pune-chennai-ahmedabad-delhi-ncr-bangalore-bengaluru-4-to-8-years-090323908851,Career Infosystem,4-8 Yrs,Not disclosed,"Delhi / NCR, Kolkata, Mumbai, Hyderabad/Secunderabad, Pune, Chennai, Ahmedabad, Bangalore/Bengaluru"
"Fullstack Developer(Python,Django,React.js)_Only Female Candidates",https://www.naukri.com/job-listings-fullstack-developer-python-django-react-js-only-female-candidates-volumetree-pune-bangalore-bengaluru-delhi-ncr-mumbai-all-areas-3-to-5-years-200423009858,Volumetree,3-5 Yrs,18-33 Lacs PA,"Delhi / NCR(C Block Sushant Lok Phase - I), Pune, Bangalore/Bengaluru, Mumbai (All Areas)"
Python Developer - Data Engineering,https://www.naukri.com/job-listings-python-developer-data-engineering-brainamaze-pvt-ltd-navi-mumbai-gurgaon-gurugram-bangalore-bengaluru-4-to-7-years-120423905844,Brainamaze,4-7 Yrs,Not disclosed,"Navi Mumbai, Gurgaon/Gurugram, Bangalore/Bengaluru"
Python Web Developer - Django/flask,https://www.naukri.com/job-listings-python-web-developer-django-flask-career-infosystem-delhi-ncr-5-to-8-years-230223909595,Career Infosystem,5-8 Yrs,Not disclosed,Delhi / NCR
Python Web Developer - Django/flask/orm,https://www.naukri.com/job-listings-python-web-developer-django-flask-orm-career-infosystem-new-delhi-3-to-8-years-230223908263,Career Infosystem,3-8 Yrs,Not disclosed,New Delhi
Python Developer,https://www.naukri.com/job-listings-python-developer-ss-supply-chain-solutions-pvt-ltd-gurgaon-gurugram-bangalore-bengaluru-3-to-7-years-030523008372,SS Supply Chain Solutions Pvt. Ltd.,3-7 Yrs,9-19 Lacs PA,"Gurgaon/Gurugram, Bangalore/Bengaluru"
Fullstack Engineer( Python + Docker + Linux),https://www.naukri.com/job-listings-fullstack-engineer-python-docker-linux-rackspace-technology-kolkata-mumbai-new-delhi-hyderabad-secunderabad-pune-chennai-bangalore-bengaluru-2-to-4-years-270423502838,Rackspace Technology,2-4 Yrs,Not disclosed,"Kolkata, Mumbai, New Delhi, Hyderabad/Secunderabad, Pune, Chennai, Bangalore/Bengaluru"
Senior Software Developer (Python & Big Data),https://www.naukri.com/job-listings-senior-software-developer-python-big-data-s-p-global-inc-hyderabad-secunderabad-gurgaon-gurugram-ahmedabad-5-to-8-years-170223504563,S&P Global Inc.,5-8 Yrs,Not disclosed,"Hyderabad/Secunderabad, Gurgaon/Gurugram, Ahmedabad"
Catalog Analyst / Web scraper - Internship,https://www.naukri.com/job-listings-catalog-analyst-web-scraper-internship-a-m-supplies-india-new-delhi-0-to-1-years-190423007353,A  M Supplies India,0-1 Yrs,Not disclosed,New Delhi(Okhla +4)
Python Backend Developer - Object Oriented Methodology & Design,https://www.naukri.com/job-listings-python-backend-developer-object-oriented-methodology-design-career-infosystem-delhi-ncr-2-to-6-years-230223909826,Career Infosystem,2-6 Yrs,Not disclosed,Delhi / NCR
.Net / Azure / Python Developer,https://www.naukri.com/job-listings-net-azure-python-developer-trh-consultancy-services-kolkata-mumbai-hyderabad-secunderabad-pune-chennai-coimbatore-bangalore-bengaluru-delhi-ncr-5-to-10-years-310123915112,TRH Consultancy Services,5-10 Yrs,Not disclosed,"Delhi / NCR, Kolkata, Mumbai, Hyderabad/Secunderabad, Pune, Chennai, Coimbatore, Bangalore/Bengaluru"
Python Developer,https://www.naukri.com/job-listings-python-developer-zen3-infosolutions-hyderabad-secunderabad-pune-chennai-bangalore-bengaluru-delhi-ncr-mumbai-all-areas-4-to-6-years-290323909791,Zen3 Infosolutions,4-6 Yrs,6.5-10 Lacs PA,"Delhi / NCR, Hyderabad/Secunderabad, Pune, Chennai, Bangalore/Bengaluru, Mumbai (All Areas)"
Python Developer,https://www.naukri.com/job-listings-python-developer-trh-consultancy-services-mumbai-hyderabad-secunderabad-pune-chennai-bangalore-bengaluru-delhi-ncr-5-to-10-years-270223911460,TRH Consultancy Services,5-10 Yrs,Not disclosed,"Delhi / NCR, Mumbai, Hyderabad/Secunderabad, Pune, Chennai, Bangalore/Bengaluru"
Senior Python Developer,https://www.naukri.com/job-listings-senior-python-developer-omnicom-media-group-mumbai-hyderabad-secunderabad-gurgaon-gurugram-chennai-coimbatore-bangalore-bengaluru-5-to-7-years-010523901781,Omnicom Media Group,5-7 Yrs,Not disclosed,"Mumbai, Hyderabad/Secunderabad, Gurgaon/Gurugram, Chennai, Coimbatore, Bangalore/Bengaluru"
Python Developer,https://www.naukri.com/job-listings-python-developer-perfect-consultancy-noida-1-to-2-years-310323500088,Perfect Job Consultancy,1-2 Yrs,Not disclosed,Noida
Python/Pyspark Developer,https://www.naukri.com/job-listings-python-pyspark-developer-trh-consultancy-services-kolkata-mumbai-nagpur-hyderabad-secunderabad-pune-chennai-coimbatore-bangalore-bengaluru-delhi-ncr-5-to-10-years-310123915270,TRH Consultancy Services,5-10 Yrs,Not disclosed,"Delhi / NCR, Kolkata, Mumbai, Nagpur, Hyderabad/Secunderabad, Pune, Chennai, Coimbatore, Bangalore/Bengaluru"
AWS/Python/Spark Developers,https://www.naukri.com/job-listings-aws-python-spark-developers-trh-consultancy-services-kolkata-mumbai-hyderabad-secunderabad-pune-chennai-coimbatore-bangalore-bengaluru-delhi-ncr-5-to-10-years-310123914402,TRH Consultancy Services,5-10 Yrs,Not disclosed,"Delhi / NCR, Kolkata, Mumbai, Hyderabad/Secunderabad, Pune, Chennai, Coimbatore, Bangalore/Bengaluru"
Python/ Pyspark Developer,https://www.naukri.com/job-listings-python-pyspark-developer-trh-consultancy-services-kolkata-mumbai-nagpur-hyderabad-secunderabad-new-delhi-pune-chennai-coimbatore-bangalore-bengaluru-11-to-15-years-310123913414,TRH Consultancy Services,11-15 Yrs,Not disclosed,"Kolkata, Mumbai, Nagpur, Hyderabad/Secunderabad, New Delhi, Pune, Chennai, Coimbatore, Bangalore/Bengaluru"
Golang Developer - Python/AWS,https://www.naukri.com/job-listings-golang-developer-python-aws-career-infosystem-kolkata-mumbai-hyderabad-secunderabad-pune-chennai-gurgaon-gurugram-delhi-ncr-bangalore-bengaluru-3-to-8-years-280223910344,Career Infosystem,3-8 Yrs,Not disclosed,"Delhi / NCR, Kolkata, Mumbai, Hyderabad/Secunderabad, Pune, Chennai, Gurgaon/Gurugram, Bangalore/Bengaluru"
Python Full Stack Developer,https://www.naukri.com/job-listings-python-full-stack-developer-quarks-kolkata-mumbai-new-delhi-hyderabad-secunderabad-pune-chennai-bangalore-bengaluru-3-to-6-years-270423501650,Quarks Technosoft,3-6 Yrs,Not disclosed,"Kolkata, Mumbai, New Delhi, Hyderabad/Secunderabad, Pune, Chennai, Bangalore/Bengaluru"
Bigdata/Hadoop Developer - Java/Spark/Python,https://www.naukri.com/job-listings-bigdata-hadoop-developer-java-spark-python-vision-excel-career-solutions-mumbai-hyderabad-secunderabad-bangalore-bengaluru-greater-noida-3-to-8-years-230323907367,Vision Excel Career Solutions,3-8 Yrs,Not disclosed,"Mumbai, Hyderabad/Secunderabad, Bangalore/Bengaluru, Greater Noida"
Python Developer - Microservices Architecture/MongoDB,https://www.naukri.com/job-listings-python-developer-microservices-architecture-mongodb-muoro-kolkata-mumbai-visakhapatnam-vizag-hyderabad-secunderabad-pune-chennai-ahmedabad-delhi-ncr-bangalore-bengaluru-3-to-6-years-230323902202,Muoro,3-6 Yrs,Not disclosed,"Delhi / NCR, Kolkata, Mumbai, Visakhapatnam, Hyderabad/Secunderabad, Pune, Chennai, Ahmedabad, Bangalore/Bengaluru"
Python Developer,https://www.naukri.com/job-listings-python-developer-tech-mahindra-noida-pune-5-to-8-years-230323003289,Tech Mahindra,5-8 Yrs,Not disclosed,"Noida, Pune"
Python Developer,https://www.naukri.com/job-listings-python-developer-ericsson-india-global-services-pvt-ltd-noida-2-to-7-years-180423501369,Ericsson,2-7 Yrs,Not disclosed,Noida
HCL is hiring Python Developer,https://www.naukri.com/job-listings-hcl-is-hiring-python-developer-hcltech-noida-4-to-7-years-110423008540,HCLTech,4-7 Yrs,Not disclosed,Noida
HCL is Hiring Python Developer,https://www.naukri.com/job-listings-hcl-is-hiring-python-developer-hcltech-noida-4-to-7-years-100423003716,HCLTech,4-7 Yrs,Not disclosed,Noida
Python & Spark Developer,https://www.naukri.com/job-listings-python-spark-developer-nextogen-technologies-pvt-ltd-hyderabad-secunderabad-pune-gurgaon-gurugram-0-to-2-years-310323501481,Nextogen Technologies,0-2 Yrs,Not disclosed,"Hyderabad/Secunderabad, Pune, Gurgaon/Gurugram"
Python Software Developer,https://www.naukri.com/job-listings-python-software-developer-corbus-noida-5-to-6-years-310123000035,Corbus,5-6 Yrs,4.75-9.75 Lacs PA,Noida(Sector-125 Noida)
Python & Aws Developer,https://www.naukri.com/job-listings-python-aws-developer-alp-consulting-ltd-hyderabad-secunderabad-gurgaon-gurugram-bangalore-bengaluru-3-to-5-years-300123502474,Alp Consulting,3-5 Yrs,Not disclosed,"Hyderabad/Secunderabad, Gurgaon/Gurugram, Bangalore/Bengaluru"
Opening For Python Developer Trainee @ Noida,https://www.naukri.com/job-listings-opening-for-python-developer-trainee-noida-squad-infotech-private-ltd-noida-0-to-0-years-280120600415,SQUAD Infotech Private Ltd,0-0 Yrs,Not disclosed,Noida
Software Developer - Python/C++ - Internship,https://www.naukri.com/job-listings-software-developer-python-c-internship-huquo-consulting-pvt-ltd-noida-0-to-1-years-271222911591,Huquo Consulting Pvt. Ltd,0-1 Yrs,Not disclosed,Noida
Sr . Python Developers,https://www.naukri.com/job-listings-sr-python-developers-firstfoot-interactive-delhi-3-to-7-years-231220501168,Firstfoot Interactive,3-7 Yrs,Not disclosed,Delhi
Test Python Developer,https://www.naukri.com/job-listings-test-python-developer-husys-consulting-limited-delhi-0-to-6-years-120820500660,Husys Consulting,0-6 Yrs,Not disclosed,Delhi
Golang Developer - Python/AWS,https://www.naukri.com/job-listings-golang-developer-python-aws-career-infosystem-kolkata-mumbai-hyderabad-secunderabad-lucknow-chennai-ahmedabad-bangalore-bengaluru-delhi-ncr-3-to-8-years-100323905968,Career Infosystem,3-8 Yrs,Not disclosed,"Delhi / NCR, Kolkata, Mumbai, Hyderabad/Secunderabad, Lucknow, Chennai, Ahmedabad, Bangalore/Bengaluru"
Python Developer,https://www.naukri.com/job-listings-python-developer-webority-technologies-gurgaon-gurugram-0-to-4-years-061222501580,Webority,0-4 Yrs,Not disclosed,Gurgaon/Gurugram
Android Developer (Intern)Full Stack Developer Python/ Django + React,https://www.naukri.com/job-listings-android-developer-intern-full-stack-developer-python-django-react-kavishala-labs-gurgaon-gurugram-0-to-1-years-270921501748,Kavishala Labs,0-1 Yrs,Not disclosed,Gurgaon/Gurugram
Python / Django Developer,https://www.naukri.com/job-listings-python-django-developer-startxlabs-pvt-ltd-new-delhi-0-to-2-years-210722500878,Startxlabs,0-2 Yrs,Not disclosed,New Delhi
Full Stack Developer (React Python),https://www.naukri.com/job-listings-full-stack-developer-react-python-meetri-infotech-noida-2-to-6-years-210223500501,Meetri Infotech,2-6 Yrs,Not disclosed,Noida
Python Django Developer,https://www.naukri.com/job-listings-python-django-developer-destiny-hr-group-gurgaon-gurugram-0-to-1-years-050721500487,Destiny Hr Group Services,0-1 Yrs,Not disclosed,Gurgaon/Gurugram
Python / Django Developer,https://www.naukri.com/job-listings-python-django-developer-t-a-solutions-gurgaon-0-to-2-years-030518500640,T & A Solutions,0-2 Yrs,Not disclosed,Gurgaon
"HCL is Hiring | Data engineer Python, Airflow -5 To 10 years",https://www.naukri.com/job-listings-hcl-is-hiring-data-engineer-python-airflow-5-to-10-years-hcltech-noida-hyderabad-secunderabad-bangalore-bengaluru-5-to-8-years-250423006351,HCLTech,5-8 Yrs,Not disclosed,"Hybrid - Noida, Hyderabad/Secunderabad, Bangalore/Bengaluru"
Python Developer - Data Analytics - SQL/PySpark,https://www.naukri.com/job-listings-python-developer-data-analytics-sql-pyspark-huquo-consulting-pvt-ltd-gurgaon-gurugram-bangalore-bengaluru-3-to-5-years-271222911592,Huquo Consulting Pvt. Ltd,3-5 Yrs,Not disclosed,"Gurgaon/Gurugram, Bangalore/Bengaluru"
Big Data Python Developer,https://www.naukri.com/job-listings-big-data-python-developer-xebia-it-architects-india-pvt-ltd-gurgaon-bengaluru-bangalore-3-to-5-years-231019500024,Xebia It Architects,3-5 Yrs,Not disclosed,"Gurgaon, Bengaluru"
Python Web Crawler Developer,https://www.naukri.com/job-listings-python-web-crawler-developer-digital-daisy-new-delhi-3-to-8-years-281122505138,Digital Daisy,3-8 Yrs,Not disclosed,New Delhi
Senior Python Web Applications Developers for a French company,https://www.naukri.com/job-listings-senior-python-web-applications-developers-for-a-french-company-itforte-staffing-services-private-ltd-delhi-5-to-10-years-260218501390,Itforte Staffing Services,5-10 Yrs,Not disclosed,Delhi
Web EngineerFull Stack Developer Python/ Django + React,https://www.naukri.com/job-listings-web-engineerfull-stack-developer-python-django-react-kavishala-labs-gurgaon-gurugram-1-to-2-years-270921501868,Kavishala Labs,1-2 Yrs,Not disclosed,Gurgaon/Gurugram
Senior Web Developer with Ruby/Java/Python and MySQL/MongoDB skills,https://www.naukri.com/job-listings-senior-web-developer-with-ruby-java-python-and-mysql-mongodb-skills-itforte-staffing-services-private-ltd-delhi-3-to-5-years-260218501451,Itforte Staffing Services,3-5 Yrs,Not disclosed,Delhi
Python Web Developer,https://www.naukri.com/job-listings-python-web-developer-alliance-recruitment-agency-gurgaon-gurugram-1-to-3-years-120922501041,Alliance Recruitment Agency,1-3 Yrs,Not disclosed,Gurgaon/Gurugram
Python Developer,https://www.naukri.com/job-listings-python-developer-robokalam-kolkata-mumbai-new-delhi-hyderabad-secunderabad-pune-chennai-bangalore-bengaluru-2-to-5-years-240423501564,Robokalam,2-5 Yrs,Not disclosed,"Kolkata, Mumbai, New Delhi, Hyderabad/Secunderabad, Pune, Chennai, Bangalore/Bengaluru"
Senior Python Developer,https://www.naukri.com/job-listings-senior-python-developer-miratech-kolkata-mumbai-new-delhi-hyderabad-secunderabad-pune-chennai-bangalore-bengaluru-5-to-6-years-200423500263,Miratech,5-6 Yrs,Not disclosed,"Kolkata, Mumbai, New Delhi, Hyderabad/Secunderabad, Pune, Chennai, Bangalore/Bengaluru"
Python Developer,https://www.naukri.com/job-listings-python-developer-sp-staffing-hyderabad-secunderabad-pune-gurgaon-gurugram-chennai-bangalore-bengaluru-delhi-ncr-4-to-8-years-200423006695,SP Staffing,4-8 Yrs,Not disclosed,"Hybrid - Delhi / NCR, Hyderabad/Secunderabad, Pune, Gurgaon/Gurugram, Chennai, Bangalore/Bengaluru"
Python Developer,https://www.naukri.com/job-listings-python-developer-dreambig-it-solutions-noida-hyderabad-secunderabad-pune-gurgaon-gurugram-bangalore-bengaluru-delhi-ncr-4-to-6-years-190423903877,Dreambig It Solutions India,4-6 Yrs,Not disclosed,"Hybrid - Delhi / NCR, Noida, Hyderabad/Secunderabad, Pune, Gurgaon/Gurugram, Bangalore/Bengaluru"
Python Full Stack Developer,https://www.naukri.com/job-listings-python-full-stack-developer-unitedlayer-kolkata-mumbai-new-delhi-hyderabad-secunderabad-pune-chennai-bangalore-bengaluru-3-to-8-years-190423501364,United Layer,3-8 Yrs,Not disclosed,"Kolkata, Mumbai, New Delhi, Hyderabad/Secunderabad, Pune, Chennai, Bangalore/Bengaluru"
Python Developer,https://www.naukri.com/job-listings-python-developer-damco-solutions-delhi-ncr-5-to-10-years-140423006611,Damco Solutions,5-10 Yrs,Not disclosed,Hybrid - Delhi / NCR
Python Developer,https://www.naukri.com/job-listings-python-developer-bloom-talents-gurgaon-gurugram-0-to-3-years-060423008493,Bloom Talents,0-3 Yrs,1-4 Lacs PA,Gurgaon/Gurugram
Sr Python Developer,https://www.naukri.com/job-listings-sr-python-developer-r-systems-international-delhi-ncr-5-to-10-years-010223011604,R Systems International,5-10 Yrs,14-24 Lacs PA,Permanent Remote
Python Developer,https://www.naukri.com/job-listings-python-developer-mind-digital-group-delhi-2-to-7-years-260620500907,Mind Digital Group,2-7 Yrs,Not disclosed,Delhi
Python Developers,https://www.naukri.com/job-listings-python-developers-disha-consultant-noida-4-to-7-years-210422500552,Disha Consultants,4-7 Yrs,Not disclosed,Noida
Software Engineer (Python Developer),https://www.naukri.com/job-listings-software-engineer-python-developer-rmsi-pvt-ltd-noida-2-to-5-years-230720500147,Rmsi,2-5 Yrs,Not disclosed,Noida
Informatica EDC Developer - Python/ Big Data Technologies,https://www.naukri.com/job-listings-informatica-edc-developer-python-big-data-technologies-career-infosystem-delhi-ncr-5-to-10-years-230223908295,Career Infosystem,5-10 Yrs,Not disclosed,Delhi / NCR
Python Fullstack Developer,https://www.naukri.com/job-listings-python-fullstack-developer-akus-it-solutions-noida-delhi-ncr-6-to-11-years-290423003268,Akus It Solutions,6-11 Yrs,Not disclosed,"Hybrid - Delhi / NCR, Noida"
Fullstack Developer - Java at LTIMindtree,https://www.naukri.com/job-listings-fullstack-developer-java-at-ltimindtree-blob-infotech-bangalore-bengaluru-delhi-ncr-mumbai-all-areas-4-to-8-years-270423000023,Blob Infotech,4-8 Yrs,Not disclosed,"Temp. WFH - Delhi / NCR, Bangalore/Bengaluru, Mumbai (All Areas)"
Web Designer & Developer,https://www.naukri.com/job-listings-web-designer-developer-kb-groups-india-delhi-0-to-1-years-280120500009,Kb Group,0-1 Yrs,Not disclosed,Delhi
Graphic / Web Designer / UI Developer,https://www.naukri.com/job-listings-graphic-web-designer-ui-developer-mail-mart-plus-delhi-3-to-6-years-261018503275,Mail Mart Plus,3-6 Yrs,Not disclosed,Delhi
Python Automation Engineer,https://www.naukri.com/job-listings-python-automation-engineer-hcltech-noida-chennai-bangalore-bengaluru-6-to-9-years-250423004092,HCLTech,6-9 Yrs,Not disclosed,"Hybrid - Noida, Chennai, Bangalore/Bengaluru"
HCL Hiring- Python/Pyspark/Big Data,https://www.naukri.com/job-listings-hcl-hiring-python-pyspark-big-data-hcltech-noida-hyderabad-secunderabad-chennai-bangalore-bengaluru-5-to-7-years-220423004224,HCLTech,5-7 Yrs,6-16 Lacs PA,"Hybrid - Noida, Hyderabad/Secunderabad, Chennai, Bangalore/Bengaluru"
Python Software Developer,https://www.naukri.com/job-listings-python-software-developer-web-iq-technologies-gurgaon-gurugram-2-to-5-years-090223008641,Web IQ Technologies,2-5 Yrs,3-6 Lacs PA,Permanent Remote
H1B Visa- Python Developer-H1B Transfer Cases,https://www.naukri.com/job-listings-h1b-visa-python-developer-h1b-transfer-cases-ana-data-consulting-mumbai-hyderabad-secunderabad-pune-chennai-bangalore-bengaluru-delhi-ncr-7-to-12-years-080121009280,Ana Data Consulting,7-12 Yrs,"95,000-100,000 PA","Delhi / NCR, Mumbai, Hyderabad/Secunderabad, Pune, Chennai, Bangalore/Bengaluru"
Python Developer,https://www.naukri.com/job-listings-python-developer-erm-placement-services-p-ltd-bangalore-bengaluru-delhi-ncr-7-to-10-years-040423010084,ERM Placement Services (p) Ltd.,7-10 Yrs,Not disclosed,"Hybrid - Delhi / NCR, Bangalore/Bengaluru"
Snowflake Developer - Python/Pandas,https://www.naukri.com/job-listings-snowflake-developer-python-pandas-zorba-consulting-india-kolkata-mumbai-hyderabad-secunderabad-lucknow-chennai-ahmedabad-bangalore-bengaluru-delhi-ncr-5-to-8-years-301222910375,Zorba Consulting India,5-8 Yrs,Not disclosed,"Temp. WFH - Delhi / NCR, Kolkata, Mumbai, Hyderabad/Secunderabad, Lucknow, Chennai, Ahmedabad, Bangalore/Bengaluru"
Python Developer - OOPS/Version Control System,https://www.naukri.com/job-listings-python-developer-oops-version-control-system-prime-infosoft-kolkata-mumbai-hyderabad-secunderabad-pune-chennai-bangalore-bengaluru-delhi-ncr-4-to-8-years-281222905745,Prime Infosoft,4-8 Yrs,Not disclosed,"Delhi / NCR, Kolkata, Mumbai, Hyderabad/Secunderabad, Pune, Chennai, Bangalore/Bengaluru"
Kafka/Python Developer,https://www.naukri.com/job-listings-kafka-python-developer-global-talent-exchange-new-delhi-bangalore-bengaluru-3-to-7-years-231122504114,Global Talent Exchange,3-7 Yrs,Not disclosed,"New Delhi, Bangalore/Bengaluru"
Python Django Developer,https://www.naukri.com/job-listings-python-django-developer-stratonik-kolkata-mumbai-new-delhi-hyderabad-secunderabad-pune-chennai-bangalore-bengaluru-2-to-5-years-230323501284,Stratonik,2-5 Yrs,Not disclosed,"Kolkata, Mumbai, New Delhi, Hyderabad/Secunderabad, Pune, Chennai, Bangalore/Bengaluru"
Python Developer - Full Stack Technologies,https://www.naukri.com/job-listings-python-developer-full-stack-technologies-freshermart-noida-kolkata-new-delhi-hyderabad-secunderabad-coimbatore-bangalore-bengaluru-5-to-7-years-200123906576,FresherMart,5-7 Yrs,Not disclosed,"Noida, Kolkata, New Delhi, Hyderabad/Secunderabad, Coimbatore, Bangalore/Bengaluru"
Python Developer,https://www.naukri.com/job-listings-python-developer-airo-digital-labs-india-pvt-ltd-kolkata-mumbai-new-delhi-hyderabad-secunderabad-pune-chennai-bangalore-bengaluru-4-to-9-years-180423500496,Airo Digital Labs,4-9 Yrs,Not disclosed,"Kolkata, Mumbai, New Delhi, Hyderabad/Secunderabad, Pune, Chennai, Bangalore/Bengaluru"
Hiring Python Developer For Infosys/C2H/Work from Home,https://www.naukri.com/job-listings-hiring-python-developer-for-infosys-c2h-work-from-home-orcapod-consulting-services-kolkata-hyderabad-secunderabad-pune-chennai-bangalore-bengaluru-delhi-ncr-mumbai-all-areas-7-to-12-years-180423003053,Orcapod Consulting Services,7-12 Yrs,Not disclosed,"Temp. WFH - Delhi / NCR, Kolkata, Hyderabad/Secunderabad, Pune, Chennai, Bangalore/Bengaluru, Mumbai (All Areas)"
Senior Python Developer,https://www.naukri.com/job-listings-senior-python-developer-ust-kochi-cochin-noida-hyderabad-secunderabad-pune-chennai-bangalore-bengaluru-trivandrum-thiruvananthapuram-8-to-13-years-120423004911,UST,8-13 Yrs,8-16 Lacs PA,"Kochi/Cochin, Noida, Hyderabad/Secunderabad, Pune, Chennai, Bangalore/Bengaluru, Trivandrum/Thiruvananthapuram"
Java Full Stack Developer - Python / AWS,https://www.naukri.com/job-listings-java-full-stack-developer-python-aws-looper-development-services-private-limited-hyderabad-secunderabad-gurgaon-gurugram-bangalore-bengaluru-4-to-6-years-070423908257,Looper Development Services,4-6 Yrs,Not disclosed,"Hyderabad/Secunderabad, Gurgaon/Gurugram, Bangalore/Bengaluru"
Python Developer,https://www.naukri.com/job-listings-python-developer-quarks-noida-pune-jaipur-bangalore-bengaluru-3-to-5-years-060423500668,Quarks Technosoft,3-5 Yrs,Not disclosed,"Noida, Pune, Jaipur, Bangalore/Bengaluru"
Python Developer,https://www.naukri.com/job-listings-python-developer-corporate-steps-kolkata-mumbai-new-delhi-hyderabad-secunderabad-pune-chennai-bangalore-bengaluru-3-to-8-years-290323500061,Corporate Steps,3-8 Yrs,Not disclosed,"Kolkata, Mumbai, New Delhi, Hyderabad/Secunderabad, Pune, Chennai, Bangalore/Bengaluru"
Senior Python Developer,https://www.naukri.com/job-listings-senior-python-developer-vitrana-noida-bangalore-bengaluru-4-to-6-years-290122500380,Vitrana,4-6 Yrs,Not disclosed,"Noida, Bangalore/Bengaluru"
Python Developer,https://www.naukri.com/job-listings-python-developer-congruent-global-kolkata-mumbai-new-delhi-hyderabad-secunderabad-pune-chennai-bangalore-bengaluru-2-to-4-years-240223501227,Congruent It Services,2-4 Yrs,Not disclosed,"Kolkata, Mumbai, New Delhi, Hyderabad/Secunderabad, Pune, Chennai, Bangalore/Bengaluru"
Python Developer,https://www.naukri.com/job-listings-python-developer-global-talent-exchange-new-delhi-bangalore-bengaluru-3-to-6-years-231122504143,Global Talent Exchange,3-6 Yrs,Not disclosed,"New Delhi, Bangalore/Bengaluru"
Python developer,https://www.naukri.com/job-listings-python-developer-global-talent-exchange-new-delhi-bangalore-bengaluru-3-to-6-years-231122504142,Global Talent Exchange,3-6 Yrs,Not disclosed,"New Delhi, Bangalore/Bengaluru"
Hiring For the role of Python Developer,https://www.naukri.com/job-listings-hiring-for-the-role-of-python-developer-300-plus-consultant-navi-mumbai-gurgaon-gurugram-bangalore-bengaluru-4-to-9-years-230323604673,300 Plus Consultant,4-9 Yrs,12-20 Lacs PA,"Hybrid - Navi Mumbai, Gurgaon/Gurugram, Bangalore/Bengaluru"
Python developer with React.js,https://www.naukri.com/job-listings-python-developer-with-react-js-stratonik-kolkata-mumbai-new-delhi-hyderabad-secunderabad-pune-chennai-bangalore-bengaluru-2-to-6-years-230323501283,Stratonik,2-6 Yrs,Not disclosed,"Kolkata, Mumbai, New Delhi, Hyderabad/Secunderabad, Pune, Chennai, Bangalore/Bengaluru"
Python Software Developer,https://www.naukri.com/job-listings-python-software-developer-pace-wisdom-solutions-kolkata-hyderabad-secunderabad-ahmedabad-chennai-bangalore-bengaluru-delhi-ncr-mumbai-all-areas-4-to-6-years-180423003972,Pace Wisdom Solutions,4-6 Yrs,Not disclosed,"Delhi / NCR, Kolkata, Hyderabad/Secunderabad, Ahmedabad, Chennai, Bangalore/Bengaluru, Mumbai (All Areas)"
Python Developer - Agiliad Technologies,https://www.naukri.com/job-listings-python-developer-agiliad-technologies-agiliad-technologies-noida-pune-4-to-9-years-170423001058,Agiliad Technologies,4-9 Yrs,Not disclosed,"Hybrid - Noida, Pune"
Python Developer,https://www.naukri.com/job-listings-python-developer-talentwell-solutions-mumbai-pune-chennai-gurgaon-gurugram-bangalore-bengaluru-3-to-8-years-161122500405,Talentwell Solutions,3-8 Yrs,Not disclosed,"Mumbai, Pune, Chennai, Gurgaon/Gurugram, Bangalore/Bengaluru"
Python Developer,https://www.naukri.com/job-listings-python-developer-rarr-technologies-noida-mumbai-hyderabad-secunderabad-new-delhi-pune-chennai-gurgaon-gurugram-bangalore-bengaluru-5-to-8-years-140722500979,Rarr Technologies,5-8 Yrs,Not disclosed,"Noida, Mumbai, Hyderabad/Secunderabad, New Delhi, Pune, Chennai, Gurgaon/Gurugram, Bangalore/Bengaluru"
Python Developer,https://www.naukri.com/job-listings-python-developer-abylle-solutions-pvt-ltd-mumbai-gurgaon-gurugram-bangalore-bengaluru-4-to-9-years-120423500622,Abylle Solutions,4-9 Yrs,Not disclosed,"Mumbai, Gurgaon/Gurugram, Bangalore/Bengaluru"
Senior AWS Developer - Java/.Net/Python,https://www.naukri.com/job-listings-senior-aws-developer-java-net-python-cliqhr-recruitment-services-hyderabad-secunderabad-chennai-bangalore-bengaluru-delhi-ncr-4-to-7-years-110423911253,CliqHR Recruitment Services,4-7 Yrs,Not disclosed,"Delhi / NCR, Hyderabad/Secunderabad, Chennai, Bangalore/Bengaluru"
Backend Developer - Core Python/Django,https://www.naukri.com/job-listings-backend-developer-core-python-django-cliqhr-recruitment-services-noida-hyderabad-secunderabad-chennai-coimbatore-bangalore-bengaluru-greater-noida-3-to-7-years-110423908468,CliqHR Recruitment Services,3-7 Yrs,Not disclosed,"Noida, Hyderabad/Secunderabad, Chennai, Coimbatore, Bangalore/Bengaluru, Greater Noida"
Senior AWS Developer - Java/.Net/Python,https://www.naukri.com/job-listings-senior-aws-developer-java-net-python-cliqhr-recruitment-services-hyderabad-secunderabad-chennai-bangalore-bengaluru-delhi-ncr-4-to-7-years-110423907075,CliqHR Recruitment Services,4-7 Yrs,Not disclosed,"Delhi / NCR, Hyderabad/Secunderabad, Chennai, Bangalore/Bengaluru"
Backend Developer - Core Python/Django,https://www.naukri.com/job-listings-backend-developer-core-python-django-cliqhr-recruitment-services-noida-hyderabad-secunderabad-chennai-coimbatore-bangalore-bengaluru-greater-noida-3-to-7-years-110423907049,CliqHR Recruitment Services,3-7 Yrs,Not disclosed,"Noida, Hyderabad/Secunderabad, Chennai, Coimbatore, Bangalore/Bengaluru, Greater Noida"
Hiring For the role of Python Developer,https://www.naukri.com/job-listings-hiring-for-the-role-of-python-developer-300-plus-consultant-gurgaon-gurugram-bangalore-bengaluru-mumbai-all-areas-5-to-10-years-070323605305,300 Plus Consultant,5-10 Yrs,16-20 Lacs PA,"Hybrid - Gurgaon/Gurugram, Bangalore/Bengaluru, Mumbai (All Areas)"
Python Developer,https://www.naukri.com/job-listings-python-developer-rarr-technologies-noida-mumbai-new-delhi-pune-chennai-gurgaon-gurugram-bangalore-bengaluru-10-to-12-years-060722502237,Rarr Technologies,10-12 Yrs,Not disclosed,"Noida, Mumbai, New Delhi, Pune, Chennai, Gurgaon/Gurugram, Bangalore/Bengaluru"
Snowflake Developer + Fivetran/ Python,https://www.naukri.com/job-listings-snowflake-developer-fivetran-python-skillety-noida-bhubaneswar-pune-bangalore-bengaluru-6-to-10-years-060423501922,Skillety,6-10 Yrs,Not disclosed,"Noida, Bhubaneswar, Pune, Bangalore/Bengaluru"
Lead Python Developer,https://www.naukri.com/job-listings-lead-python-developer-agiliad-technologies-noida-pune-5-to-10-years-040523005045,Agiliad Technologies,5-10 Yrs,Not disclosed,"Noida, Pune"
Python Developer,https://www.naukri.com/job-listings-python-developer-agiliad-technologies-noida-pune-2-to-5-years-040523004959,Agiliad Technologies,2-5 Yrs,Not disclosed,"Noida, Pune"
Python Software Developer,https://www.naukri.com/job-listings-python-software-developer-cyfuture-noida-3-to-5-years-030523008846,Cyfuture,3-5 Yrs,Not disclosed,Noida(NSEZ)
Python Developer,https://www.naukri.com/job-listings-python-developer-agiliad-technologies-noida-pune-2-to-5-years-030523007715,Agiliad Technologies,2-5 Yrs,Not disclosed,"Hybrid - Noida, Pune"
Python- Django Developer,https://www.naukri.com/job-listings-python-django-developer-snap-on-business-solutions-sbs-noida-2-to-5-years-030523005342,Snap on Business Solutions (SBS),2-5 Yrs,Not disclosed,Noida
Python Developer/Sr. Developer - Python Developer (Full Stack) Remote,https://www.naukri.com/job-listings-python-developer-sr-developer-python-developer-full-stack-remote-vinove-software-delhi-ncr-3-to-6-years-030523004524,Vinove Software,3-6 Yrs,6-13 Lacs PA,Permanent Remote
Python / Django Developer,https://www.naukri.com/job-listings-python-django-developer-marktine-chandigarh-pune-jaipur-bangalore-bengaluru-delhi-ncr-1-to-3-years-030423906281,Marktine,1-3 Yrs,Not disclosed,"Delhi / NCR, Chandigarh, Pune, Jaipur, Bangalore/Bengaluru"
PYTHON Developer,https://www.naukri.com/job-listings-python-developer-cantik-technologies-pvt-ltd-noida-gurgaon-manesar-bengaluru-bangalore-greater-noida-6-to-11-years-030221500982,Cantik technologies,6-11 Yrs,Not disclosed,"Noida, Gurgaon, Manesar, Bengaluru, Greater Noida"
Python Developer,https://www.naukri.com/job-listings-python-developer-megma-services-gurgaon-gurugram-1-to-4-years-020523903385,Megma Services,1-4 Yrs,Not disclosed,Permanent Remote
Python Developer,https://www.naukri.com/job-listings-python-developer-megma-services-noida-3-to-8-years-020523903384,Megma Services,3-8 Yrs,Not disclosed,Noida
Sr Python Developer,https://www.naukri.com/job-listings-sr-python-developer-megma-services-noida-gurgaon-gurugram-3-to-8-years-020523902308,Megma Services,3-8 Yrs,Not disclosed,"Noida, Gurgaon/Gurugram"
Senior Python Developer,https://www.naukri.com/job-listings-senior-python-developer-theraspace-solutions-llp-ghaziabad-3-to-5-years-020523006209,Theraspace Solutions Llp,3-5 Yrs,6-12 Lacs PA,Permanent Remote
Python - AWS Developer,https://www.naukri.com/job-listings-python-aws-developer-rarr-technologies-noida-kolkata-mumbai-hyderabad-secunderabad-new-delhi-chennai-gurgaon-gurugram-bangalore-bengaluru-9-to-15-years-290922501581,Rarr Technologies,9-15 Yrs,Not disclosed,"Noida, Kolkata, Mumbai, Hyderabad/Secunderabad, New Delhi, Chennai, Gurgaon/Gurugram, Bangalore/Bengaluru"
Python/React Developer,https://www.naukri.com/job-listings-python-react-developer-global-talent-exchange-new-delhi-bangalore-bengaluru-3-to-7-years-231122504146,Global Talent Exchange,3-7 Yrs,Not disclosed,"New Delhi, Bangalore/Bengaluru"
Python Full-stack Developer,https://www.naukri.com/job-listings-python-full-stack-developer-global-talent-exchange-new-delhi-bangalore-bengaluru-3-to-7-years-231122504145,Global Talent Exchange,3-7 Yrs,Not disclosed,"New Delhi, Bangalore/Bengaluru"
Python Django Senior Developers,https://www.naukri.com/job-listings-python-django-senior-developers-meslova-systems-pvt-ltd-hyderabad-secunderabad-new-delhi-bangalore-bengaluru-3-to-8-years-200921501823,Meslova,3-8 Yrs,Not disclosed,"Hyderabad/Secunderabad, New Delhi, Bangalore/Bengaluru"
Web Developer,https://www.naukri.com/job-listings-web-developer-trigent-software-noida-new-delhi-gurgaon-gurugram-delhi-ncr-2-to-7-years-190423008499,Trigent Software,2-7 Yrs,5.5-15.5 Lacs PA,"Delhi / NCR, Noida, New Delhi, Gurgaon/Gurugram"
Senior Python & Airflow Developer,https://www.naukri.com/job-listings-senior-python-airflow-developer-kpi-partners-inc-kolkata-mumbai-new-delhi-hyderabad-secunderabad-pune-chennai-bangalore-bengaluru-3-to-6-years-100323500672,KPI Partners,3-6 Yrs,Not disclosed,"Kolkata, Mumbai, New Delhi, Hyderabad/Secunderabad, Pune, Chennai, Bangalore/Bengaluru"
Python & Airflow ETL Developer,https://www.naukri.com/job-listings-python-airflow-etl-developer-kpi-partners-inc-kolkata-mumbai-new-delhi-hyderabad-secunderabad-pune-chennai-bangalore-bengaluru-3-to-6-years-100323500671,KPI Partners,3-6 Yrs,Not disclosed,"Kolkata, Mumbai, New Delhi, Hyderabad/Secunderabad, Pune, Chennai, Bangalore/Bengaluru"
Python(Django) Fullstack Developer,https://www.naukri.com/job-listings-python-django-fullstack-developer-chromeinfotech-delhi-ncr-3-to-5-years-040423005263,ChromeInfotech,3-5 Yrs,Not disclosed,Permanent Remote
Fullstack Developer,https://www.naukri.com/job-listings-fullstack-developer-conduent-noida-hyderabad-secunderabad-bangalore-bengaluru-4-to-6-years-150323005299,Conduent,4-6 Yrs,6.5-14 Lacs PA,"Hybrid - Noida, Hyderabad/Secunderabad, Bangalore/Bengaluru"
Senior Python Developer,https://www.naukri.com/job-listings-senior-python-developer-selectkaro-india-private-limited-delhi-ncr-3-to-8-years-300423001602,Selectkaro India private limited,3-8 Yrs,5-10 Lacs PA,Permanent Remote
Python Developer (Talocity),https://www.naukri.com/job-listings-python-developer-talocity-neemtree-internet-pvt-ltd-gurgaon-gurugram-1-to-4-years-280423501439,Neemtree Internet,1-4 Yrs,Not disclosed,Gurgaon/Gurugram
Python Developer,https://www.naukri.com/job-listings-python-developer-osttra-gurgaon-gurugram-2-to-5-years-270423501616,Osttra,2-5 Yrs,Not disclosed,Gurgaon/Gurugram
B2B Data Research Associate,https://www.naukri.com/job-listings-b2b-data-research-associate-inside-sales-and-services-pvt-ltd-delhi-ncr-0-to-1-years-170423005296,Inside Sales And Services Pvt. Ltd.,0-1 Yrs,Not disclosed,Hybrid - Delhi / NCR
Sr.Python Developer,https://www.naukri.com/job-listings-sr-python-developer-thesqua-re-new-delhi-3-to-5-years-140423007208,TheSqua.re,3-5 Yrs,5-10 Lacs PA,Hybrid - New Delhi(Kalkaji +1)
Python Developer,https://www.naukri.com/job-listings-python-developer-gharondaa-advisors-noida-2-to-5-years-050123908352,Gharondaa Advisors,2-5 Yrs,Not disclosed,Noida
Python Developer,https://www.naukri.com/job-listings-python-developer-buddy4study-noida-2-to-4-years-030523003941,Buddy4study,2-4 Yrs,Not disclosed,Noida
Senior Python Developer,https://www.naukri.com/job-listings-senior-python-developer-4bell-technology-delhi-ncr-3-to-8-years-010523902991,4Bell Technology,3-8 Yrs,Not disclosed,Delhi / NCR
Python Developer - MySQL/Flask,https://www.naukri.com/job-listings-python-developer-mysql-flask-serving-skill-chandigarh-gurgaon-gurugram-3-to-8-years-010523902144,Serving Skill,3-8 Yrs,Not disclosed,"Chandigarh, Gurgaon/Gurugram"
Python Developer - Backend Architecture,https://www.naukri.com/job-listings-python-developer-backend-architecture-4bell-technology-gurgaon-gurugram-greater-noida-delhi-ncr-7-to-12-years-010523902142,4Bell Technology,7-12 Yrs,Not disclosed,"Delhi / NCR, Gurgaon/Gurugram, Greater Noida"
Python Developer,https://www.naukri.com/job-listings-python-developer-ezops-new-delhi-4-to-6-years-010523500956,Ezops,4-6 Yrs,Not disclosed,New Delhi
Python Developer,https://www.naukri.com/job-listings-python-developer-ezops-noida-new-delhi-chennai-4-to-6-years-010523500955,Ezops,4-6 Yrs,Not disclosed,"Noida, New Delhi, Chennai"
Python Developer,https://www.naukri.com/job-listings-python-developer-capital-placement-services-gurgaon-1-to-5-years-290620501399,Capital Placement Services,1-5 Yrs,Not disclosed,Gurgaon
Python Full Stack Developer - Django/AngularJS,https://www.naukri.com/job-listings-python-full-stack-developer-django-angularjs-hyrezy-talent-solutions-noida-2-to-6-years-280423903920,HyrEzy Talent Solutions,2-6 Yrs,Not disclosed,Noida
Backend Developer - Python/Django,https://www.naukri.com/job-listings-backend-developer-python-django-hyrezy-talent-solution-gurgaon-gurugram-2-to-5-years-270423905788,HyrEzy Talent Solution,2-5 Yrs,Not disclosed,Gurgaon/Gurugram
Lead Backend Developer - Python,https://www.naukri.com/job-listings-lead-backend-developer-python-hyrezy-talent-solution-delhi-ncr-4-to-8-years-270423905461,HyrEzy Talent Solution,4-8 Yrs,Not disclosed,Delhi / NCR
python developer,https://www.naukri.com/job-listings-python-developer-capital-placement-services-noida-new-delhi-gurgaon-gurugram-5-to-10-years-260222500240,Capital Placement Services,5-10 Yrs,Not disclosed,"Noida, New Delhi, Gurgaon/Gurugram"
"Azure DataBricks, Python developer",https://www.naukri.com/job-listings-azure-databricks-python-developer-alp-consulting-ltd-chandigarh-new-delhi-3-to-7-years-250123500264,Alp Consulting,3-7 Yrs,Not disclosed,"Chandigarh, New Delhi"
Java Developer - Perl/python,https://www.naukri.com/job-listings-java-developer-perl-python-career-infosystem-noida-delhi-ncr-5-to-8-years-230223909835,Career Infosystem,5-8 Yrs,Not disclosed,"Delhi / NCR, Noida"
Hadoop Developer - Spark/python,https://www.naukri.com/job-listings-hadoop-developer-spark-python-career-infosystem-delhi-ncr-3-to-6-years-230223909680,Career Infosystem,3-6 Yrs,Not disclosed,Delhi / NCR
Hadoop Developer - Spark/ Python,https://www.naukri.com/job-listings-hadoop-developer-spark-python-career-infosystem-noida-gurgaon-gurugram-delhi-ncr-3-to-6-years-230223908898,Career Infosystem,3-6 Yrs,Not disclosed,"Delhi / NCR, Noida, Gurgaon/Gurugram"
Web Developer Manager - Vocis LLC Janakpuri (Delhi),https://www.naukri.com/job-listings-web-developer-manager-vocis-llc-janakpuri-delhi-s-s-nair-communications-new-delhi-delhi-ncr-5-to-10-years-020523002582,S.S.Nair Communications,5-10 Yrs,Not disclosed,"Delhi / NCR, New Delhi(B 1B Block Janakpuri)"
Python and Big Data Engineer,https://www.naukri.com/job-listings-python-and-big-data-engineer-scienaptic-systems-kolkata-mumbai-new-delhi-hyderabad-secunderabad-pune-chennai-bangalore-bengaluru-3-to-8-years-020523501725,Scienaptic Systems,3-8 Yrs,Not disclosed,"Kolkata, Mumbai, New Delhi, Hyderabad/Secunderabad, Pune, Chennai, Bangalore/Bengaluru"
Junior Front End Developer - Remote (Fresh College Graduates),https://www.naukri.com/job-listings-junior-front-end-developer-remote-fresh-college-graduates-coalition-technologies-hyderabad-secunderabad-ahmedabad-chennai-bangalore-bengaluru-delhi-ncr-mumbai-all-areas-0-to-5-years-040523000029,Coalition Technologies,0-5 Yrs,Not disclosed,"Hybrid - Delhi / NCR, Hyderabad/Secunderabad, Ahmedabad, Chennai, Bangalore/Bengaluru, Mumbai (All Areas)"
CitiusTech Hiring !! Google Cloud Developer,https://www.naukri.com/job-listings-citiustech-hiring-google-cloud-developer-citiustech-hyderabad-secunderabad-pune-gurgaon-gurugram-chennai-bangalore-bengaluru-mumbai-all-areas-3-to-8-years-030523007466,Citiustech,3-8 Yrs,Not disclosed,"Hybrid - Hyderabad/Secunderabad, Pune, Gurgaon/Gurugram, Chennai, Bangalore/Bengaluru, Mumbai (All Areas)"
Python Developer,https://www.naukri.com/job-listings-python-developer-data-n-stats-new-delhi-1-to-4-years-010922500450,Datanstats,1-4 Yrs,Not disclosed,New Delhi
Python Developer/Machine Learning Engineer - NLP,https://www.naukri.com/job-listings-python-developer-machine-learning-engineer-nlp-huquo-consulting-pvt-ltd-gurgaon-gurugram-2-to-7-years-281222904007,Huquo Consulting Pvt. Ltd,2-7 Yrs,Not disclosed,Gurgaon/Gurugram
Senior Python Developer / Data Scientist,https://www.naukri.com/job-listings-senior-python-developer-data-scientist-nikah-forever-new-delhi-4-to-5-years-301221500780,Nikah Forever,4-5 Yrs,Not disclosed,New Delhi
software engineer as python scripting developer,https://www.naukri.com/job-listings-software-engineer-as-python-scripting-developer-bizbee-delhi-2-to-7-years-090118501699,Bizbee Technologies,2-7 Yrs,Not disclosed,Delhi
Senior Data Migration Developer,https://www.naukri.com/job-listings-senior-data-migration-developer-epam-anywhere-kolkata-mumbai-new-delhi-hyderabad-secunderabad-pune-chennai-bangalore-bengaluru-5-to-11-years-280423500865,Epam Anywhere,5-11 Yrs,Not disclosed,"Kolkata, Mumbai, New Delhi, Hyderabad/Secunderabad, Pune, Chennai, Bangalore/Bengaluru"
Lead Data Migration Developer,https://www.naukri.com/job-listings-lead-data-migration-developer-epam-anywhere-kolkata-mumbai-new-delhi-hyderabad-secunderabad-pune-chennai-bangalore-bengaluru-5-to-11-years-280423500448,Epam Anywhere,5-11 Yrs,Not disclosed,"Kolkata, Mumbai, New Delhi, Hyderabad/Secunderabad, Pune, Chennai, Bangalore/Bengaluru"
"Fullstack Developer-Expertise in Node, Python and React Native",https://www.naukri.com/job-listings-fullstack-developer-expertise-in-node-python-and-react-native-metaverse-blockchain-solutions-gurgaon-gurugram-3-to-6-years-140423006219,Metaverse Blockchain Solutions,3-6 Yrs,Not disclosed,Gurgaon/Gurugram
Fullstack Developer,https://www.naukri.com/job-listings-fullstack-developer-value-innovation-bangalore-bengaluru-delhi-ncr-2-to-6-years-020523007416,Value Innovation,2-6 Yrs,9-19 Lacs PA,"Hybrid - Delhi / NCR, Bangalore/Bengaluru"
.net Fullstack Developer,https://www.naukri.com/job-listings-net-fullstack-developer-tata-consultancy-services-tcs-kolkata-hyderabad-secunderabad-ahmedabad-chennai-bangalore-bengaluru-delhi-ncr-mumbai-all-areas-2-to-6-years-150423005497,Tata Consultancy Services (TCS),2-6 Yrs,Not disclosed,"Delhi / NCR, Kolkata, Hyderabad/Secunderabad, Ahmedabad, Chennai, Bangalore/Bengaluru, Mumbai (All Areas)"
.NET Azure Fullstack Developer at LTIMindtree,https://www.naukri.com/job-listings-net-azure-fullstack-developer-at-ltimindtree-blob-infotech-hyderabad-secunderabad-bangalore-bengaluru-delhi-ncr-3-to-8-years-120423003029,Blob Infotech,3-8 Yrs,Not disclosed,"Temp. WFH - Delhi / NCR, Hyderabad/Secunderabad, Bangalore/Bengaluru"
Web Designer & Developer,https://www.naukri.com/job-listings-web-designer-developer-publix-ltd-kolkata-mumbai-new-delhi-hyderabad-secunderabad-pune-chennai-bangalore-bengaluru-1-to-4-years-090323502408,Publix Ltd,1-4 Yrs,Not disclosed,"Kolkata, Mumbai, New Delhi, Hyderabad/Secunderabad, Pune, Chennai, Bangalore/Bengaluru"
DotNet Fullstack Developer -Evalueserve-Gurgaon ( Hybrid),https://www.naukri.com/job-listings-dotnet-fullstack-developer-evalueserve-gurgaon-hybrid-evalueserve-gurgaon-gurugram-4-to-8-years-080123001582,Evalueserve,4-8 Yrs,Not disclosed,Hybrid - Gurgaon/Gurugram
Web Designer/Front-end Developer,https://www.naukri.com/job-listings-web-designer-front-end-developer-dignitas-digital-pvt-ltd-delhi-bengaluru-bangalore-3-to-8-years-250417501945,Dignitas Digital Pvt. Ltd,3-8 Yrs,Not disclosed,"Delhi, Bengaluru"
Web Designer/Front-end Developer,https://www.naukri.com/job-listings-web-designer-front-end-developer-dignitas-digital-bengaluru-bangalore-bengaluru-bangalore-delhi-3-to-8-years-220715501746,Dignitas Digital,3-8 Yrs,Not disclosed,"Bengaluru, Bengaluru / Bangalore, Delhi"
Opportunity For Data Engineer / ETL Engineer | Developer with Axtria,https://www.naukri.com/job-listings-opportunity-for-data-engineer-etl-engineer-developer-with-axtria-axtria-ingenious-insights-noida-pune-bangalore-bengaluru-5-to-10-years-050423004289,Axtria - Ingenious Insights,5-10 Yrs,Not disclosed,"Hybrid - Noida, Pune, Bangalore/Bengaluru"
"DevOps Senior Engineer ( Python, Docker, CI / CD Tools, GIT )
",https://www.naukri.com/job-listings-devops-senior-engineer-python-docker-ci-cd-tools-git-ath-infosystems-noida-2-to-7-years-260123004736,ATH Infosystems,2-7 Yrs,Not disclosed,Permanent Remote
Hiring For Python Developer,https://www.naukri.com/job-listings-hiring-for-python-developer-saraca-solutions-noida-3-to-6-years-280323013722,Saraca Solutions,3-6 Yrs,Not disclosed,Noida
Senior Application Developer - Python (Full stack developer),https://www.naukri.com/job-listings-senior-application-developer-python-full-stack-developer-vanguard-hr-associates-gurgaon-gurugram-3-to-5-years-280323009133,Vanguard Hr Associates,3-5 Yrs,8-13 Lacs PA,Gurgaon/Gurugram
AWS Python Developer,https://www.naukri.com/job-listings-aws-python-developer-alcor-noida-3-to-8-years-240423005855,Alcor,3-8 Yrs,Not disclosed,Permanent Remote
Python developer,https://www.naukri.com/job-listings-python-developer-sequential-gurgaon-gurugram-4-to-7-years-200423905956,Sequential,4-7 Yrs,Not disclosed,Gurgaon/Gurugram
